posada,name,id,category,transport,incomes,assets,land,house,transport_cost
" Головний державний інспектор відділу електронних сервісів та звітності,організації роботи ЦОП та наданя адміністративних послуг управління обслуговування платників Головного управління ДФС у Полтавській області, Головне управління Державної фіскальної служби у Полтавській області",терещенко антоніна іванівна,a98c0d2f-e6b9-4f9a-8daa-f65447b1cf20,3,Вольво 244,123127,0,20000000,126,1500
" інженер охорони захисту лісу, ДП Ківерцівське ЛГ",вронський віталій володимирович,94ff9b89-1e00-4bd3-952d-cc7199f0d4b5,0,0,0,0,19809800,42,0
" інспектор-ревізор відділу соціального забезпечення та контролю соціальних виплат командування, Командування сухопутних військ Збройних Сил України",іржова олена анатоліївна,74f80313-574c-4ea9-8288-e762bd489a2f,3,0,153240,0,19695000,90.2,0
" Оператор відділення обліку та бронювання солдатів, сержантів, Великобурлуцький районний військовий комісаріат Харківської області",кіндяков олександр сергійович,a96ccf44-1c20-41b5-9809-336fbc9b8425,0,0,131611,0,19340800,0,0
" землевпорядник, Заводська сільська рада",козуляєв ігор юрійович,e338c782-d95c-4bf5-8aa6-8a2af4137a1b,1,0,104932,0,19245943,217.8,0
" заступник начальника відділу організації надання соціальних послуг Управління організації надання соціальних послуг, Державна служба зайнятості (Центральний апарат)",підлісна євгенія володимирівна,f131a3a5-d4cc-4d14-be38-935729a38b50,3,0,152807,0,19060000,12,0
" заступник начальника відділу по роботі з персоналом, Черкаський обласний центр зайнятості, відділ по роботі з персоналом",ковальчук антоніна олексіївна,059a4268-6c13-4f7a-8560-0e775b56dcd4,0,"NISSAN  INTERSTAR 2463, PEUGEOT G5",395889,0,18615000,120.65,0
" пенсіонер МВС, пенсіонер МВС",ялина олександр іванович,be9a812e-fa2c-4a7e-8730-3d040dc2dfce,3,"МТЗ 80, ВАЗ  21063",32000,0,18560000,84.1,32000
" головний спеціаліст бюджетного відділу, Фінансове управління Миколаївської РДА",гірняк марія василівна,44210bee-abc9-4f98-ac67-52aa07fe9b6a,1,"МАЗ 500А, ВАЗ 21061",118605,0,18541752,662.6,0
" депутат, Васильківська районна рада",невзгляденко володимир миколайович,aa7f8806-a2ab-4d98-9898-2acf98b5e4bc,1,"CHEVROLET LACETTI, VOLKSWAGEN TIGUAN",58030,0,17007063,51.8,390000
" селищний депутат, приватний підприємець",кушнір олександр григорович,1e0aa967-3964-4305-ad3d-0080e742018f,0,"ЗІЛ 431610, ЗИЛ-ММЗ 554, ЗИЛ-ММЗ 554М, ЕО-2629В Екскаватор 20442АЕ, ГАЗ 33021ЗНГ",80000,0,16501650,54,125000
" секретар судового засідання, Ружинський районний суд Житомирської області",підгорна анна миколаївна,d6a31200-2e12-4edf-97ed-0d1d8860bab2,4,ЮМЗ -6,111830,0,16001600,74.5,0
" прокурор Косівського відділу Коломийської місцевої прокуратури Івано-Франківської області, Коломийська місцева прокуратура Івано-Франківської області",дручків дмитро богданович,cb188ec9-aee5-477b-9d7c-a26bdf34f399,5,Toyota Camry,979303,0,15404333,1897,700000
" спеціаліст з питань організації роботи, Слов’яносербська об’єднана державна податкова інспекція",ярова ольга іванівна,83129d50-2bf8-4fa7-8d02-dddef4d564d7,3,0,45250,0,15053046,36,0
" Старший інспектор взводу РПОП ГУ НП в Миколаївскій області , РПОП ГУ НП в Миколаівській області",жалінський олег анатолійович,6c2723c4-1775-49cf-bfe4-db4e1508a440,3,volkswagen passat,341790,0,15000000,165.3,380000
" головний спеціаліст відділу освіти, молоді та спорту Компаніївської РДА, Компаніївська РДА",стеценко юлія іванівна,ad9ac5c5-7b57-4f55-afd2-a31f5fb202ec,1,0,91304,0,14628200,56.52,0
" водій-сапер, Державна служба з надзвичайних ситуацій",гурманський віталій миколайович,19138430-425f-485f-8d06-edec989cae09,3," фіат добло,  ",160596,0,14568334,86.6,92000
" староста, Мельнице-Подільська селищна рада",рогожинський іван михайлович,d3be2577-25e9-4837-a706-8520f53233ed,1,ГАЗ 53-Б,147858,0,14334477,0,0
" Депутат, в.о.Заступника директора, ЗАПОРІЗЬКА ОБЛАСНА РАДА, ДП СГ ""Запорізьке""",тарасов володимир григорович,57c66290-477c-459b-a07b-74bb90956f9c,1,"Mercedes-Benz Sprinter, ua3711KV ""Самопобудова"", Toyota  Land Cruiser, Hyundai І 10, ПГМФ 8304",184977,0,14297971,7820.42,0
" депутат сільської ради, непрацюючий",різниченко олександр павлович,af9d5921-0d87-4802-a4ae-83f353c0c7da,1,"ПВА У5, ВАЗ 21140, HYUNDAI TUCSON",406909,0,13689800,0,144243
" начальник відділу активної підтримки безробітних, Волноваський районний центр зайнятості",клименко ольга анатоліївна,1d101baf-affe-4c15-a48e-be86735f3a32,0,Hyundai Elantra HD,1263829,485562.9579,13577400,125.2,132900
" депутат сільської ради, тимчасово не працюючий",болсун микола миколайович,9369292d-049b-47c1-b456-bb47c5ab744f,1,"ВАЗ 2101, ВАЗ 21063",264179,0,13386100,0,0
" головний бухгалтер, ТОВ ""Козацьке""",даценко валентина володимірівна,7a3f6496-86d5-4461-b51b-25f5656b34a7,0,"ВАЗ  2109, АТМ  модельSKL38",151637,0,13097250,174.7,38000
" Завідувач Варварівської ДЛВМ- лікар ветеринарної мелицини, Долинська районна державна лікарня ветеринарної медицини",демченко костянтин уліянович,6e1ca3c9-ddf9-47d8-bb7e-32f876f35dcb,0,ВАЗ 21065,132344,0,13000000,72,0
" Депутат Іверської сільської ради, Фізична особа-підприємиць",стрепко микола миколайович,a308af67-5b51-4334-911a-9eb7e7a968f9,1,"ВАЗ 2106, МТЗ 892, CASE 2166, SKODA Octavia А5, KASE 7220",952000,0,12613118,269.9,75000
" державний кадастровий реєстратор відділу у Стрийському районні Головного управління Держгеокадастру у Львівській області, Головне управління Держгеокадастру у Львівській області",брик іванна федорівна,10439f66-ff60-45ef-ac95-f980798d1b65,3,ВАЗ 2105,162506,0,12441244,202.7,0
" Державний кадастровий реєстратор, Відділ у Кременчуцькому районі міськрайонного управління Кременчуцького району та мм Кременчуці та Горішніх Плавнях Головного управління Держгеокадастру у Полтавській області",жемчужна катерина вікторівна,7fe53e05-39c1-444c-aa63-8fe5477c635e,3,0,2505,0,12351235,0,0
" вчитель, Слобододолинська ЗОШ 1,2 ст.",юрків любов петрівна,f1cc2376-3563-4537-af1a-375b331986c5,0,"ВАЗ2109 ВАЗ, АТ6301АС ГАЗ 66",97637,0,12320000,30,0
" Директор, Приватне сільськогосподарське підприємство АФ""Росія""",корпан володимир анатолійович,576649d2-470c-4e08-b30e-de1875a9b8b4,0,"TOYOTA LEND CRUISER 200, LEXUS RX 450H , VOLKSWAGEN CKAFTER",1000642,0,12285050,207,2895516
" підприємець, Фізична особа - підприємець",агапов олександр вікторович,faf95ad0-6b97-4f0a-85ad-8b602bdaf47a,0,"ГАЗ-САЗ 53Б, Тайота RAF4",794613,0,12101121,194.5,1139000
" головний спеціаліст, Коломийське УДКСУ",слободян світлана василівна,464f8056-2ee1-4d29-837d-4c9c8e340c4d,9,0,90709,0,12080000,84,0
" Слідчий, Вінницький ВП ГУНП у Вінницькій області",прокопчук олексій леонідович,5ff91bc6-477e-47fa-92f4-f2bcbf040026,3,"ВАЗ ОКА 2111, Mersedes-Benz VITO, ГАЗ 21, Mersedes-Benz 124, КІА SORENTO",517893,0,12004578,816.5,0
" Слідчий, Вінницький ВП ГУНП у Вінницькій області",прокопчук олексій леонідович,5d7ceda5-29f7-4f24-aa7f-3f76956701a2,3,"КІА SORENTO, Mersedes-Benz VITO, ГАЗ Победа, ВАЗ ОКА 2111, ГАЗ 21, Mersedes-Benz 124",522831,0,12004578,816.5,0
" начальник ВОС / депутат сільської ради, Грубнянська сільська рада Сокирянського району Чернівецької області",поляков ян петрович,5ca04457-9451-47c6-9096-fa067e408268,1,0,31120,0,12002700,58.4,0
" начальник рятувального відділення ДПРЧ-69 ДПРЗ-21 ГУ ДСНС України у Донецькій області, 21 ДЕРЖАВНИЙ ПОЖЕЖНО-РЯТУВАЛЬНИЙ ЗАГІН ГОЛОВНОГО УПРАВЛІННЯ ДЕРЖАВНОЇ СЛУЖБИ УКРАЇНИ З НАДЗВИЧАЙНИХ СИТУАЦІЙ",саржевський віктор володимирович,c65697c7-525d-43bc-bcdb-e0af9c126eeb,3,CHEVROLET NIVA 212300,96098,0,12002400,168.62,0
" вчитель фізичної культури, депутат Підгайцівської сільської ради, Підгайцівський навчально-виховний комплекс ""Загальноосвітня школа 1-3 ступенів - гімназія"" Волинської області",лівіцький віктор станіславович,2e72da01-bdf8-4048-9574-07e6d5e0fe7d,1,0,154297,0,12001049,5221.3,0
" Сторож, Розівська ЗОШ І- ІІІ ступенів Якимівської районної ради Запорізької області",майнич олена миколаївна,95d31f68-8dae-4420-be24-d7fb199391bb,1,RENAULT TRAFIC,130700,0,11720000,52,0
" не застосовується, Приватний підприємець, депутат Балакліської районної ради",арутюнян саргіс айкарамович,8574b92e-cc87-46f5-b3ab-e9af9cdc4920,1,"ТРАКТОР ЮМЗ-6, CHEYROLET NIVA, сівалка СЗ-5 4А-06, ГКБ 8527, ТРАКТОР ЮМЗ-6, ТРАКТОР Т 150-К, комбайн Єнісей КЗС-950.02, ГАЗ 3307, ТРАКТОР БЕЛАРУС 920, ТРАКТОР МТЗ-80, ПРИЧІП 2 ПТС 4, обприскувач tecnis 3128 hle tectronic sc, БОЧКА ПРИЧІПНА РЖТ 10, трактор МТЗ-80, ПРИЧІП ГКБ 819, СЗАП 8357, SCHMITZ AFW 18, комбайн ДОН - 1500, Lexus  LX 570, ТРАКТОР К 700 А, ТРАКТОР К 701 , ТРАКТОР СШ-25, ТРАКТОР 700 А, КОМБАЙН КЛАСС 204МЕГА, КАМАЗ 55102, ТРАКТОР Т 16 МГ, RENALT LOGANVAN, ВАЗ 32102, КОМБАЙН ОБРІЙ BS-Z 110, ТРАКТОР К 701, ТРАКТОР К 701, трактор Т-150К-05, ТРАКТОР К700 Р, КОМБАЙН БІЗОН 110/5, сівалка maschio gaspardo sp 8f70 5800, ТРАКТОР БЕЛАРУС 920, ТРАКТОР 700 А, ГАЗ  322132 14, Daewoo Nubira, КОМБАЙН БІЗОН 110/4, ТРАКТОР ЮМЗ-6, ПА 004",5279333,1776000,11422441,3251.5,0
" начальник караулу 35 державної пожежно-рятувальної частини 2 державного пожежно-рятувального загону, 35 державна пожежно-рятувальна частина 2 державного пожежно-рятувального загону ГУ ДСНС України у Дніпропетровській області з охорони об'єктів",балинський ігор володимирович,6cdda6f9-ab8a-4f2f-9289-a84fddf646ab,3,Москвич 412 ІЕ,145316,0,11190600,35.9,0
" депутат Бердянської районної ради, Фермерське господарство ""Леся""",ліщук микола олександрович,93df352b-6b8a-4bbf-8326-7dce59680cb2,1,ASIA-HI-TOPIK Motors topik,97948,0,11150000,101.7,18000
" депутат, Херсонська обласна рада",черепаха альберт вікторович,6a15eec9-0c74-41f8-9f03-130b4f9e291e,1,0,51085074,13800000,10925770,6375.76,0
" депутат, Великобурлуцька районна рада",кравцов анатолій михайлович,d25be990-9392-48f4-88d8-9535c9fdfddf,1,"фольсваген транспортер, МКК-6, МТЗ80, МТЗ-80, ВАЗ 2106, СПС-4,2, МТЗ-80, Toyota Land Cruiser Prado 150, ваз 2110, ВАЗ 2101, МКК-6, СПС-4,2, МТЗ-80, ГКБ8352, тойота RAV 4, лексус РХ 350, МТЗ-80",5624192,125355,10902219,1289.7,1472000
" Голова Чутівської районної ради Полтавської області , Чутівська районна рада Полтавської області",филенко володимир михайлович,00dbb3c1-051b-4513-930e-5498649ae304,1,"Беларус-892, T-150K-09, МТЗ-82, Беларус-892, Беларус-892, Белорус-892, ВАЗ  21214, ЗПТС-12, RENAULT KANGOO1461, SKODA OCTAVIA A5AMBIENTE, Беларус-892, Lexus  LX 570, CASE IH AXIAL-FLOW 2388, FORTSCHRITT E-281, ЗИЛ 554М, Т-150К-09, ХТЗ-17021, ЗИЛ 431412, МТЗ-80, CASE ІHMAXXUM340, RENAULT KANGOO1461, МТЗ-80Л, Т-156, КАВЗ 3976, ЗИЛ 431410, CLASS JAGUAR860, ПС 10, Беларус-892, МТЗ-80Л, RENAULT KANGOO1461, RENAULT KANGOO1870, CASE  IH MAXXUM 125, КАМАЗ 45144, КАМАЗ 53212, Т-150К-09, Беларус-892, Беларус-1221.2, CASE AFX 8120, ХТЗ-17021, ВАЗ 212140-120-40, ВАЗ 21214 ЗНГ, ВАЗ 21214-126-20, ВАЗ 210994, КАВЗ 685, MERCEDES-BENZ GL500, МТЗ-80, КАМАЗ 55102, МТЗ-80Л, ХТЗ-17021, ЗИЛ 133ГЯ, RENAULT KANGOO1461, ГАЗ-66, СЗАП 8551-02, ГАЗ 33076, МТЗ-80Л, HOLMER",90482015,700000,10841508,1144,25879109
" старший пожежний-рятувальник, Перший Державний пожежно-рятувальний загін У ДСНС України у Кіровоградській області",ситник станіслав валерійович,90c25a2b-8b0b-4cdb-8e11-709d524abb61,3,0,140030,20000,10700000,37.1,0
" завгосп, Смолинський НВК ""ЗОШ І-ІІІ ст. -ДНЗ"", депутат Смолинської сільської ради Яворівського району Львівської області",пилипець ярослав федорович,7b81cadf-dd0b-469b-8ea7-5143aa08f73c,1,"ЮМЗ-6 ЮМЗ, ЮМЗ-6КЛ ЮМЗ, Т-25 Т-25",44270,0,10632313,90,0
" старший інспектор відділу моніторингу та аналітичного забезпечення, УПП в Миколаївській області ДПП України",сербул михайло олександрович,744fe66e-508d-4a5f-a168-93e97f39beb7,0,0,115538,0,10560000,0,0
" депутат Филенківської сільської ради, Филенківська сільська рада Чутівського району Полтавської області",міндіашвілі аліна володимирівна,85231529-758d-41a0-b30c-2c9a3a205ed6,1,"RENAULT KANGOO1461, Т-150К-09, МТЗ80, ГАЗ 33076, T-150K-09, ХТЗ17021, ПС 10, Беларус-892, RENAULT KANGOO1461, МТЗ80-л, ЗПТС-12, ВАЗ 212140-120-40, CLASS JAGUAR860, LEXUS LX 570, ГАЗ-66 4750, Беларус-892, FORTSCHRITT E-281, КАМАЗ 55102, Беларус-892, ВАЗ 210994, Беларус-892, Т-150К-09, Белорус-892, SKODA  OCTAVIA A5 AMBIENTE, ЗИЛ 431410, МТЗ80-л, КАМАЗ 45144, MERCEDES-BENZ GL500, ВАЗ 21214ЗНГ, ЗИЛ 554М, ВАЗ 21214-126-20, Беларус-892, CASE ІН 2388, КАВЗ 685, КАМАЗ 53212, HOLMER, RENAULT  KANGOO1461, CASE AFX8120, RENAULT KANGOO1870, КАВЗ 3976, МТЗ80, МТЗ80-л, ЗИЛ 133ГЯ, CASE IH MAXXUM 125, ХТЗ17021, Беларус-1221.2, МТЗ82, Т-156, ХТЗ17021, МТЗ80-л, Беларус-892, ВАЗ 21214, CASE IH MAXXUM 340, RENAULT KANGOO1461, ЗИЛ 431412, СЗАП 8551-02",90482015,700000,10543071,1144,25660979
" Майстер лісу, ДП ""Любешівагроліс""",дерлюк сергій іванович,b57b6b14-ee5d-4dcf-b51e-a260f6afc259,0,"Volkswagen Caddy, МТЗ 82",83023,0,10402132,120,559000
" депутат сільської ради, пенсіонер",рудопас катерина степанівна,ef2bfaa8-df15-4676-9024-3e91a46900f9,1,0,81041,0,10400500,88.5,0
" Сільський голова, Улянівська сільська рада",собко неля олександрівна,00f489e3-3120-455b-a6bf-27d128da35e8,1,Daewoo Lanos,188956,0,10356500,105.6,30000
" військовослужбовець, військова частина А1356",романюк сергій іванович,4b3a8551-d411-45b5-aff6-877e169186e1,3,DAEWOO NEXIA,175812,0,10286470,0,0
" завідуюча клубом, Підлісненський сільський клуб",трякіна любов іванівна,7f8cde2e-e922-4947-8688-9603128d1538,0,0,98822,0,10180000,51.7,0
" депутат Нжньосірогозької районної ради Херсонської області, депутат Нжньосірогозької районної ради Херсонської області",кирилін олег никифорович,10a5cb36-74e3-49dc-9604-0f931620d3a8,1,"КАМАЗ 53212, MITSUBISHI PAJERO SPORT 2.5 TD, RENAULT MAGNUM, RENAULT MAGNUM 440 вантажний, JOHN DEERE 8430, TOYOTA LAND CRUISER 200, БЕЛАРУС-892, БЕЛАРУС-892, ЗАЗ 110558-42, AUDI Q5, JOHN DEERE9680WTS, ЗИЛ-ММЗ 554, JCB 535-95, JOHN DEERE 9680, Беларус-82.1, TOYOTA HILUX",257075,0,10099800,270,0
" депутат, Филенківська сільська рада Чутівського району Полтавської області",филенко віра іванівна,e4b7c69b-c369-4ea7-968a-eab4ecfa2b6c,1,"ВАЗ 21214-126-20, МТЗ 80-л, КАМАЗ 45144, ЗПТС-12, RENAULT  KANGOO1461, Т-150К-09, Беларус-892 , ХТЗ 17021, СЗАП 8551-02, Беларус-892, RENAULT  KANGOO1461, CASE IH MAXXUM 340, RENAULT  KANGOO1461, ХТЗ 17021, МТЗ 80-л, КАВЗ 685 , ХТЗ 17021, Беларус-892, CLASS JAGUAR860, Беларус-892, МТЗ 82 , LEXUS LX570, CASE  ІН 2388 AXIAL-FLOW, МТЗ 80, ЗИЛ 554М, КАВЗ 3976, ВАЗ 212140-120-40, Белорус-892, КАМАЗ 53212, ЗИЛ 431410, Беларус-892, Т-150К-09, HOLMER , RENAULT  KANGOO, ВАЗ 21214 ЗНГ,  10, SKODA  OCTAVIA A5AMBIENTE, ВАЗ 21214, МТЗ 80-л, CASE IH MAXXUM 125, RENAULT  KANGOO1870, ЗИЛ 133ГЯ, ГАЗ 66, Т-156, FORTSCHRITT E-281, MERCEDES-BENZ GL500, RENAULT  KANGOO1461, Беларус-1221.2 , ВАЗ 210994, ЗИЛ 431412, T-150K-09, МТЗ 80, МТЗ 80-л, Беларус-892, КАМАЗ 55102, ГАЗ 33076, CASE AFX8120",90481925,0,10080095,1144,25906108
" депутат, Улянівська сільська рада",манько юрій георгійович,65063c7e-32ef-4f46-ba0a-0788eb30781a,1,"ВАЗ 21214, ВАЗ, ВАЗ, УАЗ, УАЗ",597280,0,10069600,132.4,155000
" Заступник директора , Відокремлений підрозділ ""Шахта""Украіна"" Державного підприємства ""Селидіввугілля""",корх володимир васильович,5d0b3ce5-0502-43ed-af7c-81fad7e91b96,0,Honda CR-V,336280,0,10002927,191.8,0
" депутат сільської ради, ТОВ ""Житниця Поділля""",миколайчук леонід петрович,8747802e-2f34-49c6-8095-d7a25030a399,1,"7СХ-2, DONGFENG  244DH, opel astra",1762511,0,9608026,173,95000
" депутат Бобринецької районної ради Кіровоградської області,фізична особа підприємець, фізична особа підприємець",скрипник ірина віталіївна,bb0e7143-c6f6-40a2-b121-a6b7ba16a2e8,1,"БЕЛАРУС-1025 ТРАКТОР КОЛІСНИЙ, GEON INVADER250, JOHN DEERE8295R ТРАКТОР КОЛІСНИЙ, SUZUKI JIMNY, Т-150Г ТРАКТОР, JCB535-125 НАВАНТАЖУВАЧ ТЕЛЕСКОПІЧНИЙ, CASEIH8230 КОМБАЙН ЗЕРНОЗБИРАЛЬНИЙ, МТЗ-82.1.57 ТРАКТОР, VOLKSWAGEN TOUAREG, CASE IH MAGNUM MX 340 ТРАКТОР КОЛІСНИЙ, РСМ-101""ВЕКТОР"" КОМБАЙН, YTO-X804 ТРАКТОР КОЛІСНИЙ, TOYOTA CAMRY3.5L AT, CASE IH MAXXUM 125 трактор колісний",4126171,0,9245726,8534,1221000
" головний державний аудитор відділу державного фінансового аудиту окремих господарських операцій , Південний офіс Держаудитслужби",пташинська вікторія вікторівна,16ed066b-f403-498d-b2be-2673a237dcd8,9,0,197126,0,9200600,48,0
" Генеральний директор, ТОВ "" Норма""",немашкало ігор володимирович,ce0adb73-c560-48a6-a2de-36478b55860a,0,"Навігатор 500, CITROEN BERLINGO, NISSAN NP 300 PICKUP 2.5D, SUZUKI  VITARA, МТЗ 80, БЕЛАРУС 1021, BIZON Z-110/4/5, САНТЕЙ 750-221, КС 6Б, MITSUBISHI  PAJERO WAGON, ВАЗ 2103, HONDA VFR 800, БЕЛАРУС 920, ТРАКТОР 150К, CIZETA 350, SPARK 2UP, NISSAN JUKE, БЕЛАРУС 920, SUZUKI  GSF650SA, ВАЗ 21043, БЕЛАРУС 920, ВЕРДА 1, ГКБ 810, BIZON 110/5",18597234,1215626.47,9032197,4451.7,824000
" депутат, Нововодолазька районна рада",немашкало ігор володимирович,a3f5259d-7aca-41e1-bf79-a97db2241c8b,1,"ВАЗ 21043, CITROEN BERLINGO, CIZETA 350, БЕЛАРУС 920, БЕЛАРУС 1021, NISSAN JUKE, NISSAN NP 300 PICKUP 2.5D, САНТЕЙ 750-221, Навігатор 500, КС 6Б, БЕЛАРУС 920, BIZON 110/5, ВЕРДА 1, BIZON Z-110/4/5, МТЗ 80, SUZUKI  GSF650SA, ВАЗ 2103, HONDA VFR 800, SPARK 2UP, БЕЛАРУС 920, MITSUBISHI  PAJERO WAGON, ГКБ 810, SUZUKI  VITARA, ТРАКТОР Т-150К",18597234,1215626.47,8981919,4451.7,644000
" Міжрайонний мисливствознавець, ДП Новотроїцьке ЛГ Нижньосірогозьке лісництво",мікулін олександр вікторович,c5d2be5e-b171-4c08-a266-568e0f6a6bb9,0,ВАЗ 2121,92885,0,8920000,108.8,0
" депутат Лісківської сільської ради, Лісківська сільська рада",назарко микола миколайович,5e2cfe48-d27d-43ed-b4e7-127ef1647300,1,0,135255,0,8829607.38,55,0
" депутат Федіївської сільської ради, Федіївська сільська рада",бобух лариса вікторівна,913be10c-f892-4baa-a9c2-4509eedfa0d6,1,"TOYOTA LAND CRUISER200, КАМАЗ 53213, NISSAN JUKE, ГКБ 8352, MITSUBISHI PAJERO WAGON, ДОН-1500, ДОН-1500-А(Б), БЕЛАРУС-920, БЕЛАРУС-892, БЕЛАРУС-1025, ХТЗ-17021",1476936,0,8748738,2418.2,0
" депутат Української сільської ради , безробітній",федченко віктор федорович,93c66c24-0ee2-4dc3-8d33-a1d8ae25b31f,1,VOLKSWAGEN TRANSPORTER,500000,0,8735200,130,0
" головний бухгалтер, Осокорівська сільська рада",тарковська ольга калинівна,32c7cbde-2a29-4ad1-9af3-18f6e51df7ac,1,ВАЗ 32107,172139,0,8658500,38,0
" заступник начальника відділення Кирилівського ВП, Кирилівський ВП Мелітопольського ВП ГУНП в Запорізькій області",парапанов федір миколайович,2770bf78-f3a7-49e9-8a26-25aa5d8d23c3,3,subaru tribeca,293356,0,8634836,316.59,160000
" Секретар, Маківська сільська рада",михайленко світлана василівна,c2ffbe23-8c63-41ec-b7a7-fbf3f792048d,1,"Восход 3М, МБ 1080 Кентавр, ЗАЗ  110206",287819,0,8601000,118.03,29200
" Вагар обліковець, ПП""Лан""",хохлова наталія миколаївна,252f3a0e-f7f4-42dd-b563-8ec3def841a6,0,0,71907,0,8539100,60.2,0
" Головний спеціаліст сектору ЖКГ та благоутрою, Ширяївська селищна рада Одеської області",бондаренко наталія михайлівна,e810f00d-8178-4c1d-8f7a-85c429871505,1,"Шкода SKODA OCTAVIA 1.9TD , ГАЗ ГАЗ-САЗ 3507, ПГ Орлик",163428,0,8420000,130.44,0
" головний бухгалтер, Відділ культури Сокирянської РДА",чорна людмила миколаївна,24bc0293-2bbe-4a26-b07f-ef75fded2fa1,1,"ВАЗ 2107, планета 50",136113,0,8406900,63,10300
" Голова , Фермерське господарство ""Альфа""",бєлінський віктор іванович,07e923c7-7cf0-4165-8ecd-9f12494489d2,0,TOYOTA LAND GRUISER 150,11094572,32253420.366419,8261352,1085,0
" Завідуючий Чернещинською ДДЛВМ, Борівська РДЛВМ",глущенко олексій павлович,ef638e67-4934-427a-b155-fdbd81305ec5,0,VOLKSWAGEN BORA 1.6,74321,100000,8204922,88.4,0
" спеціаліст І категорії-юрист, Іванівська селищна рада Херсонської області",трохименко людмила миколаївна,759c45d6-4fc3-458b-bec0-038845dac5cf,1,"ГКБ 8160, Днепр 11-КМЗ, ВАЗ 2105",154372,0,8123900,77,0
" дільничний офіцер поліції, Вінницьке районне відділення поліції Вінницького відділу поліції ГУНП у Вінницькій області",тонкошкур микола анатолійович,d9dade3e-d4d4-469b-878b-c30a923dc4a8,3,"ЗАЗ 110307, ЗАЗ  110206",179055,0,8098840,145.3,26000
" Депутат, Куликівська селищна рада Чернігівської області",шрам віктор федорович,ef681979-0bed-42d9-b880-79d427ad2a1a,1,GEELY  CK,1220276,0,8068815,715.3,0
" спеціаліст зведення бухгалтерського обліку, Берегометська сільська рада",тодорюк дарія петрівна,e0eb8211-16c1-4e66-8d49-de6e81117c76,1,"FORD SCORPIO, RENAULT TXX",131579,0,8042700,121,18000
" поліцейський сектору реагування патрульної поліції № 1 Кобеляцького відділу поліції, Кобеляцький ВП ГУНП",вільховий артем володимирович,aba080a6-8666-48d2-b650-9742252cccd5,3,0,123000,0,7970000,65,0
" головний спеціаліст, Великоолександрівське районне управління Головного управління Держпродспоживслужби у Херсоснькій області",литвин людмила дмитрівна,be005bcf-64b7-4e26-afe3-09040465ecf7,9,Nissan  almera,260560,0,7951596,312.1,0
" Завідуюча складом, ТОВ ""Аграрний фонд Терещенка""",огородник тетяна костянтинівна,0091bc6a-765d-446b-9828-24a834f45406,0,"Рено Логан 90 Л, Донгфенг ДФ - 244Е",223936,0,7940900,160,0
" ветфельшер, депутат Безбородьківської сільської ради, ПРАТ ""Безбородьківська АВКФ""",горонович тетяна олександрівна,26eb5d7a-9df0-46bc-8b3e-f323d13df3bc,1,ВАЗ 21099,198003,0,7889100,52.2,27000
" депутат, Дубровицька районна рада",жовклий володимир миколайович,f15ec599-f560-4512-a72d-acc1c2edaa7f,1,"ГАЗ 5312, ЗІЛ 431410, ГАЗ 5312",52387,0,7804000,1460.9,0
" Депутат по виборчому округу №20 , Ганнопільська сільська рада",конончук ніна іванівна,5cb70aad-c92d-4765-8bce-f68037244104,1,"GENERAL TRAILERS TF34CZ, REISCH RHKS-35-24AL, REISCH RHKS-35-24AL, DAF XF 95.430, TOYOTA LAND CRUISER PRADO 150",3843341,0,7746480,112.9,0
" ДИРЕКТОР. Депутат Миколаївської Обласної Ради, ПРИВАТНЕ ПІДПРИЄМСТВО АГРОПРОМИСЛОВА ФІРМА ""ВІСЛА""",фроленко володимир олександрович,080b2c82-bcff-4d38-afb5-5115fff15ed3,1,"ПТС 09, Fortschritt E-320, ПСЕ 12.5, ПСЕ 20-1, Верда 02, ПГМФ 8302, BRP Expedition SE 1200, BRP RXT-X RS 300, John Deere 8420, John Deere 960, Кіровець 701А, John Deere 740, Верда 01, HE-VA 01, Беларус 82.1, John Deere 5080M, RAU 3600L, ПГМФ 8904-02, Horsch Pronto 6 AS, ХТЗ 17021, John Deere 6930, ПМЗ 8271, John Deere C 670 I, 2 ПТС 04, МАЗ 500, МТЗ 82.1.57, John Deere 7830",6312117,10211595.1959,7620962,4246.6,5917947
" завідувач амбулаторієй, Лікарська амбулаторія с.Рибинське Волноваського районного центру первинної медико-санітарної допомоги",петраш інна іванівна,859eea97-d1c4-4632-9429-5085a911cd8f,0,ВАЗ 1118,153358,0,7541226,44.9,0
" майстер лісу, Барашівське лісництво",дітківський володимир антонович,75c8664e-f600-4b73-b3c0-7f395612cacd,0,"хтз т-40, ваз 21053",190475,0,7478000,66,0
" Заступник начальника відділу, ГУНП в Запорізькій області",шудрик руслан миколайович,3d5e9f64-8c3f-469d-a471-f45e233ce9ea,3,"ВАЗ 2109, ЗАЗ 1102, опель вектра А, OPEL VECTRA",208107,0,7427879,57.99,30000
" секретар судових засідань, Чаплинський районний суд Херсонської області",зінченко світлана іванівна,4c4f6ef2-9857-4d19-afdb-df4bebdf70c2,4,ВАЗ 21011,211905,0,7420000,63.3,0
" Депутат Харківської обласної ради 7 скликання, Харківська обласна рада",кириченко микола олександрович,bfc77eec-53d0-4940-9b76-fcbea2059d97,1,"ВАЗ 211440, ACROS PCM-142 ""ACROS-530"", КАМАЗ 55102, JOHN DEERE Сівалка, ACROS PCM-142 ""ACROS-530"", ACROS PCM-142 ""ACROS-530"", ВАЗ 211440, TOYOTA RAV4, KVERNELAND EXACTA-HL Розкидач добрив, WESTERN 8570, TOYOTA LAND CRUISER 150, КАМАЗ 55102",1756793,283057.943955,7301962,2382.55,0
" начальник відділу організаційної та кадрової роботи, Адміністрація Індустріального району Харківської міської ради",максименко наталя володимирівна,25589e88-f4ea-45f2-9086-fb56cd399160,1,0,135682,0,7298500,32.8,0
" спеціаліст Кремінського відділу з питань призначення, перерахунку та виплати пенсій, РУБІЖАНСЬКЕ ОБ’ЄДНАНЕ УПРАВЛІННЯ ПЕНСІЙНОГО ФОНДУ УКРАЇНИ ЛУГАНСЬКОЇ ОБЛАСТІ",янковська ганна олександрівна,237fce3d-0101-42d5-b425-b684cb0fe248,6,CHEVROLEL LACETTI,75080,0,7157200,61,48900
" депутат Сумської обласної ради, Сумська обласна рада",линник олександр миколайович,a7a68c2a-0e0b-428a-9dae-e46b4b475919,1,"TOYOTA Avensis 1.8, KRONE SDP 27, SUZUKI Grand Vitara, VOLVO FH 12, VOLVO XC90 2.4 Summum 7-Seat, TOYOTA Scion ЗНГ",9830909,0,7152146,19875.3,825842
" депутат, Огіївська сільська рада Сахновщинського району Харківської області",терещенко людмила анатоліївна,2ec24d49-de6e-4f24-a579-c0cb0f90e8c0,1,"БЕЛАРУС-892 трактор колісний, Т-70С трактор, ПГА 1, NEW HOLLAND CX 6.90 Зернозбиральний комбайн, Toyota  RAV4, БОГДАН 211040, СLASS MEGA-218 комбайн зернозбиральний, Т-150К трактор колісний, МТЗ-80 трактор, Т-150К трактор, КС-6Б бурякозбиральний комбайн, Т-150К трактор колісний, МТЗ-80 трактор колісний, БЕЛАРУС-82.1 трактор колісний, КС 2561ЗИЛ 130, БЕЛАРУС-82.1 трактор колісний",4361195,58645,7115474,774.4,5536122
" депутат, фізична особа - підприємець, Соледарська міська рада, фізична особа - підприємець",пластун юрій юрійович,83b19c64-5d48-4bb8-b339-cb41cd995123,1,"ВАЗ 211340, MAZDA CX-7, MERSEDES-BENZ S 550",2437508,900000,7077512,2891.1,0
" начальник управління персоналу та організаційно - інформаційної роботи, Головне управління Пенсійного фонду України в Кіровоградській області",голубовська тетяна володимирівна,529ee4c1-a09f-4a28-b24f-416727f15104,6,ЗАЗ-DAEWOO Т13110,225635,0,7065000,118.52,22000
" секретар сільської ради, депутат сільської ради, Петропавлівська сільська рада Богодухівського району Харківської області",мандзик валентина миколаївна,e76eb5a9-de34-4ec0-929c-aab612b38bd6,1,"ВАЗ  2109, ВАЗ 2110",371606,50000,7028049.3,81.3,60000
" фізична особа-підприємець, Депутат(фізична особа-підприємець)",іванова вікторія володимирівна,f97fc7cc-f783-459a-8622-0236f27607fb,0,"ПА 004, СЗА 852701, ВАЗ 211340, БЕЛАРУС 892, FORTSCHRITT E-303, БЕЛАРУС 920, Плуг навісний Плуг навісний, TD 5.110, СК-5 СК-5, TOYOTA LAND CRUISER 200, ЗІЛ-ММЗ 554М, ОП 2000, SKODA FABIA, ЗАЗ 110557, БЕЛАРУС 82.1, СЗ 3,6А, NISSAV NAVARA, JOHN DEERE 8400, ПГ Асканія, CLAAS LEXION 460, КИЙ 14102, МТЗ 80, SKODA OCTAVIA, ЗІЛ 431412, КРН 5,6, CLAAS MEGA 208, МТЗ 82,1, ІЖ 2717, ВАЗ 212140, БДТ-3 БДТ-3, ПС 10, TOYOTA RAV4, ЗІЛ-ММЗ 554М, ГКБ 819, КПСН 4,0, SCHMITZ GOTHA, СК-5М-1 НИВА, ЗІЛ 431412, МАЗ КО-3577, КПСП-4, ЗМ 60, KOGEL AWE 18, 2ПТС-6 85266, БЕЛАРУС 1025",6494349,2122688.92,6740447,6306.6,4169154
" Депутат обласної ради, Черкаська обласна рада",підгорний анатолій вікторович,6132aa03-bdf5-404d-8220-4d292a3d4f82,1,"NEW HOLLAND TG 285, Mercedes-Benz Vito 113 CDI, NEW HOLLAND TG285, ВАЗ 21213, ВАЗ 2107, Suzuki Grand Vitara 2393, JOHN DEERE 8520",1433846,938000,6714883,1914.6,0
" бухгалтер, КЗ""Нововоронцовська центральна районна бібліотека""",федорак валентина павлівна,6662446e-dd48-4588-8b29-b13e6c758c09,3,0,82712,0,6696200,123.3,0
" завідуючий господарством, Верхньосірогозька ЗОШ І-ІІІ ступенів",чернишев сергій михайлович,345e33b0-5fcd-46ee-a5cd-d393cdf280e2,0,0,40764,0,6690000,0,0
" директор, Протопопівський НВК",шевченко людмила василівна,8bba92fb-3521-4c27-9bb2-a88348993c8c,0,"TOYOTA LAND CRUISER PRADO, ВАЗ 212140",174391,0,6593631,172.7,432000
" ФОП, ФОП",бовсуновский александр николаевич,0b98bad5-bb99-4375-ad31-dedba4a722df,0,0,251000,150000,6550000,0,0
" Провідний спеціаліст відділу з питань призначення та перерахунку пенсій, Бериславське ОУ ПФУ Херсонської області",байдукова марія юріївна,a43f54e2-91b8-4ce1-8c10-b5db288c79a6,6,"МТЗ 82, ВАЗ 2109",37864,0,6503400,63.2,0
" заступник директора, приватний підприємець, товариство з обмеженою відповідальністю ""Софіївка"", фізична особа - підприємець",парахін євгеній васильович,152e72c9-eede-4482-8df0-befc5f29c587,0,"VOLVO XC60, GEON TNT 25",1160144,79399,6442370,835.2,1236297
" бригадир колії, ПАТ""УКРзалізниця"" РФ""Придніпровська залізниця"" ВСП""Хортицька дистанція колії""",авраменко віталій володимирович,46bc4dc5-51cf-49bb-b841-3e5bb82b0112,3,0,180277,0,6439000,0,0
" головний спеціаліст відділу карантину рослин ГУ Держпродспоживслужби в Хмельницькій області, Головне управління Держпродспоживслужби в Хмельницькій області",тімош світлана михайлівна,42000b81-19c5-4727-a630-7ab579625977,9,"Toyota venza, Wolkswagen Sciroco, Peugeot Partner",185976,160000,6323179,477.8,836140
" Заступник чергового помічника начальника установи - начальник чергової зміни відділу нагляду і безпеки, Державна установа ""Софіївська виправна колонія (№55)""",савицкий олексій юрійович,c39d0882-123c-45f4-aadf-0b4f00b32523,0,"ВАЗ 2103, ЗАЗ 1102",164900,0,6289700,70,0
" депутат Тростянецької РДА, фізична особа - підприємець",слівкін олександр миколайович,0c051414-9ea2-4c55-9e75-8acea1470c29,1,"Беларус 82.1, Беларус 1221.2, ЗІЛ ММЗ, Нью Холанд Т7060, 2ПТС-4 45МЗ, 2ПТС - 4, МТЗ 1221, НТС 10, SSANG YONG KORANDO, Беларус 82.1, КЗС 1218, Т-150 К-09, Т-150К, 1ПТС-9, ПСЕ 12.5, ИЖ 27175, ЮМЗ-6, 2ПТС 4.45, 2ПТС-4, Т156 156",16425319,0,6282983,11197.7,2862000
" депутат Петрівської Районної Ради , генеральний директор ТОВ ""Агрофірма П'ятихатська""",поворознюк олександр григорович,e69582b8-3a30-42e1-b116-8054e904183f,1,"DELTA EX 50, JAWA 350, Volkswagen New Beetle, TOYOTA Land Cruiser 150, TOYOTA Land Cruiser 200, TOYOTA LAND CRUISER 200, ВАЗ 210994",23440530,0,6209261,2411.2,5285654
" землевпорядник Лісківської сільської ради, Лісківська сільська рада",терещенко наталія ігорівна,869683fc-283d-4110-a1df-59a3b32ea76f,1,0,108880,0,6154106.14,78,0
" інспектор, управління патрульної поліції",чуб олександр анатолійович,1e81dde3-6819-43a0-8a42-8d17fbc86541,3,0,161000,0,6121800,65.7,0
" Начальник експедиції, Українське державне проектне лісовпорядне виробниче об'єднання ВО""Укрдержліспроект""",гайчук сергій іванович,b24941ea-f936-4f4c-9bc5-7aa9eeddd5c1,0,ВАЗ 2104,254146,16624,6121111,95.6,0
" тимчасово не працює, тимчасово не працює",бабич микола васильович,89355a2a-be35-44b6-8344-b195b19c2c05,0,"MERSEDES-BENZ C 300, AUDI Q7",1646690,0,6110560,159.4,700000
" Депутат районної ради, Смілянська районна рада",литвин тетяна дмитрівна,165e0984-0fb8-4b11-94bd-b7dbeeccb21d,1,"МТЗ 50, 1ПТС, DAEWOO Sens",239821,0,6097400,78.8,0
" Депутат, Фізична особа-підприємець, голова фермерського господарства, Бобринецька районна рада , Фермерське Господарство ""ВІКТОРІЯ-НОВА"")",іванов віктор миколайович,8fe02dc2-70b8-4770-8cfd-506efa32fa38,1,"ЗІЛ-ММЗ 554М, CLAAS MEGA 208, JOHN DEERE 8400, KOGEL AWE 18, NISSAN NAVARA, ІЖ 2717, ПЛУГ НАВІСНИЙ ПЛУГ НАВІСНЙ, FORTSCHRITT E-303, ЗІЛ 431412, 2ПТС-6 85266, СК-5 СК-5, МТЗ 82,1, БЕЛАРУС 82.1, ПА 004, КИЙ 14102, ІЖ 2715, SKODA OCTAVIA TOUR, СК-5М-1 НИВА, СЗАП 852701, ГКБ 819, БЕЛАРУС 892, ОП 2000, МТЗ 80, ЗМ 60, TOYOTA RAV4, ВАЗ 211340, SKODA FABIA, КПСН 4,0, CLAAS LEXION 460, КАМАЗ 5320, ПГ  Асканія, БЕЛАРУС 1025, SCHMITZ GOTHA, ЗАЗ 110557, КРН 5,6, БЕЛАРУС 920, ВАЗ 2108, БДТ-3 БДТ-3, ВАЗ 212140, ЗІЛ ММЗ 554М, ЗІЛ 431412, КПСП-4, СЗ 3,6А, МАЗ КО-3577, TOYOTA  LAND CRUISER 200, TD 5.110",6494349,2922688.92,6067528,6306.6,4154154
" депутат, Городківська сільська рада",залевський петро михайлович,73890d38-f5eb-4585-ae4b-2347c2e2b392,1,ГАЗ-53 53,7000,0,6013300,0,4000
" Провідний спеціаліст відділ бухгалтерського обліку та господарського забезпечення управління ЖКГ Кролевецької міської ради, Провідний спеціаліст відділ бухгалтерського обліку та господарського забезпечення управління ЖКГ Кролевецької міської ради",марченко наталія миколаївна,2a718355-cabe-4dca-a4a5-e2f1b3854e4b,1,0,76558,0,5970000,59.4,0
" Народний депутат України, Верховна Рада України",березкін станіслав семенович,c376b837-73a0-42c4-8ac8-db04b5905854,2,"Mercedes-Benz  GL, Mercedes-Benz  S 550, Volvo XC 90",1196077,18528440.789632,5928279,838.53,0
" Заступник директора( депутат районної ради 7 скликання) , ТОВ"" МАОЛ""",затирка віктор іванович,dbe448eb-0f40-46a3-a30e-375551350813,1,"Wolksvagen Passat, OPEL VIVARO",172951,0,5900000,288.8,77000
" Інспектор, Управління організаційно-аналітичного забезпечення та оперативного реагування ГУНП в Дніпропетровській області",білий олександр володимирович,b921a2af-84bc-42da-a99a-24cd02e4a47b,3,ВАЗ 2107,148794,0,5887090,170.8,28000
" Головний державний ревізор-інспектор, ГУ ДФС у Черкаській області",двірник ярослав володимирович,fdc886cb-72cc-419c-a18e-0904470ad56f,3,ВАЗ 2108,236122,0,5880000,495.6,14000
" Головний державний ревізор-інспектор, ГУ ДФС у Черкаській області",чуприн віта костянтинівна,7fe12d89-93a8-4dcd-9d27-1dcb6820fa88,3,ВАЗ 2108,236122,0,5880000,495,14000
" Голова, Вікнянська сільська радв",ющак богдан олексійович,5474e627-5a24-4afe-9817-4f61b97a2009,0,ВАЗ 21063,255003,0,5877054,0,0
" нач. караула, ДП ""38ВИТЧ""",єрмоленко валерій васильович,7eb6f1a8-5aa8-4981-a1c1-2bf81a0f87f2,0,ВАЗ 2106,0,0,5850000,108.8,0
" МЕХАНІК РГШО І ЄКВКУ, ВП ""ШАХТА 5/6"" ДП ""МИРНОГРАДВУГІЛЛЯ""",корнієнко віктор миколайович,16dd22fe-9118-42bd-8f08-e831ba60794a,0,0,179396,0,5780000,109.3,0
" Підсобний робітник, ПРАТ Краснопавлівський КХП,інвалід 3 групи,депутат",костюк людмила олексіївна,fb660814-18ac-46e3-a13f-0c18fbe3d2db,0,0,92620,0,5671100,0,0
" Молодший інспектор відділу нагляду і безпеки , Державна устонова ""Олексіївська виправна колонія(№25)""",гур’єв сергій вікторович,9610f0e1-315f-4719-9c28-b6e70825f59b,0,ВАЗ 2105,90073,2888,5632500,145.1,0
" фізична особа-підприємець, депутат , фізична особа-підприємець,депутат",нєдов володимир андрійович,a90fd7fe-2dd9-4db2-84c2-dd043b487a5b,0,"РСМ-142 ACROS-530, ЗИЛ-ММЗ 554М, CLAAS MEGA 208, ГАЗ 3309, ГАЗ 3309, БЕЛАРУСЬ МТЗ 82,1, BMV X5, Т-150К, Т-150К",960150,650000,5614834,56,1926292
" Завідувач Новоукраїнською дільничною лікарнею ветеринарної медицини - фельдшер ветеринарної медицини - епізоотолог, Ріпкинська районна державна лікарня ветеринарної медицини",рекун лідія володимирівна,a7e7e594-f440-49f8-8c38-09839d371f93,0,ЮМЗ-6 трактор колісний,103296,0,5608569.1,90.8,0
" депутат сільської ради, дошкільний навчальний заклад ""Світанок""",овдієнко валентина іванівна,146567f6-7dbc-46e7-890a-cbcb30a9352c,3,"КАМАЗ  5320, БДЖІЛКА 81134, CHEVROLET CAPTIVA, ГКБ 819, VOLKSWAGEN PASSAT1.8, СЗАП 8350",609611,0,5595232,752.9,0
" водй 9 Державної пожежно-рятувальної частини ГУ ДСНС України у Запорізькій області, Головне управління ДСНС України у Запорізькій області",пішл сергій вікторович,c057bfa8-970f-46d8-94b3-914a023858c1,3,0,81451,0,5589700,0,0
" ГОЛОВНИЙ ДЕРЖАВНИЙ ІНСПЕКТОР ЛЮБЕШІВСЬКОГО ВІДДІЛЕННЯ КОВЕЛЬСЬКОЇ ОДПІ ГУ ДФС У ВОЛИНСКІЙ ОБЛАСТІ, ЛЮБЕШІВСЬКЕ ВІДДІЛЕННЯ КОВЕЛЬСЬКОЇ ОДПІ ГУ ДФС У ВОЛИНСКІЙ ОБЛАСТІ",корецька валентина миколаївна,a129dd19-cb95-40e1-8899-f167a49ff37d,3,"ВАЗ 2106, т-40 трактор",168846,273770.758954,5589700,72,0
" Депутат , МИКОЛАЇВСЬКА ОБЛАСНА РАДА",кормишкін юрій анатолійович,303df75e-38f9-4885-91fb-ca902aacf2d0,1,"ГАЗ 5201 АТЗ, RENAULT DUSTER SR, КАМАЗ 55102, ГКБ 8350, LAND ROVER  RANGE ROVER, МТЗ-80, ГКБ 8350, КАМАЗ 53212, ЗИЛ 4331 02, ГКБ 8328, ВЕРДА 1, КАМАЗ 55102, ГКБ 8350, КАМАЗ 53211, СЗАП 8527, BMW ACTIVE-HYBRID 7L, МТЗ-80, СЗАП 8355, ГАЗ 53 АТЗ, ГКБ 8350, ГКБ 8535, ЗИЛ 4314 12 КС 2561, TOYOTA LAND CRUISER 200, VOLKSWAGEN TRANSPORTER, КАМАЗ 5320, ГАЗ 5314, MERSEDES-BENZ 609D, ГКБ 8350, КАМАЗ  5320, ГАЗ-САЗ 3507, МАЗ 5334 АЦ, СЗАП  8551, ГКБ 8352",14474164,322424,5493257,8490.7,7266909
" Депутат, Добропільська районна рада",антипенко володимир вікторович,ca6a3f47-7996-476f-968a-4030be6c0120,1,"VOLKSWAGEN PASSAT VARIANT, SKODA FABIA ELEGANCE",21481273,41114290.808912,5476723,494.6,0
" Депутат Борівської районної ради Харківської області 7 скликання, Борівська районна рада Харківської області",кириченко сергій олександрович,321f19f3-c98c-4f40-80e0-70d4786f7082,1,TOYOTA LAND CRUISER 200,1485899,0,5465531,3286.7,2471880
" Депутат Миколаївської селищної ради, Депутат Миколаївської селищної ради",чорнюк петро петрович,57df86dd-01c5-4fcc-bf73-949c9f769065,1,МТЗ-82 82.1.57,10020,0,5434243,100,0
" Голова ФГ ""Сатурн Агро"", Депутат Дніпропетровської обласної ради, Фермерське господарство ""Сатурн Агро""",кисіль сергій васильович,2066d98b-3d4b-4fa1-937f-1204d4388b51,1,"TOYOTA LAND CRUISER 200, LDV CONVOY, PORSCHE PANAMERA GTS, BMW 740I",5810438,15559242.005,5380474,506.1,2997700
" ДЕПУТАТ, БАЛТСЬКА РАЙОННА РАДА ОДЕСЬКОЇ ОБЛАСТІ",муль валерій павлович,64dec450-a24a-4fb1-accc-9662db1f46c0,1,"VOLKSWAGEN CRAFTER, ВАЗ 21063, МТЗ 80, 2ПТС 9Б, MAZDA 323, HYUNDAI SANTA FE",971069,0,5378376,436.9,80000
" Сільський голова, Вишнопільська сільська рада",гудзенко тетяна іванівна,af514dde-40c3-440b-bed5-55805604d7c7,1,"МТЗ 80, Газ 3307, MERCEDES- BENZ  Vito, ВАЗ 21101, Т-40 М , ХТЗ 17021, MERCEDES-BENZ  Vito, Claas Dominator",1121779,0,5362386,105,0
" Депутат, Тальнівська районна рада",гудзенко сергій анатолійович,318ae781-9904-4aeb-ba93-01f55f8d42fb,1,"ВАЗ 21101, ХТЗ 17021, ГАЗ 3307, МТЗ 80, MERCEDES-BENZ Vito, MERCEDES- BENZ Vito, Т-40 М , Claas Dominator",1152890,0,5344386,105,0
" депутат, Первомайська районна рада",грущенко володимир петрович,98d18fd7-9eed-4058-89d1-1a931ff0c913,1,"ТРАКТОР Т-150К, причіп ACKERMAN FRUEHAUF PAF 18/7.4E, MAN TGA 26.440, причіп бортовий ГКБ 8350, TOYOTA LAND CKUISER PRADO, ГАЗ 330202414, причіп KRONE AZW 18, MAN TGA 03",2004609,0,5270596,14852,1279000
" Директор, Фермерське господарство ""Агродар -2012""",мовсісян мяснік гайкович,3b7210f6-9d2f-4f4c-8119-ecea570297c3,0,"LEXUS GX460, Лексус RX 200T, RENGE ROVER VOGUE, Лексус GX 460",397960,0,5268307,287.8,7500000
" Директор (депутат районної ради), Іванівська гімназія (опорний заклад) освітнього округу Іванівського району Херсонської області",хураскіна алла анатоліївна,bd787ca3-5d56-40a8-8532-6c6bea93f0fc,1,"Трактор колісний ЮМЗ-6, МТ Дніпро-11, ДЕУ Ланос",301171,11428,5253417,78.6,46500
" депутат Долинської районної ради, ПІДПРИЄМЕЦЬ",коновальчук сергій борисович,e7070147-d2fc-4060-960e-c0637af2a51d,1,"КРАЗ 250, МТЗ 82.1, МАЗ 53362, LANDINI 115, Т-150К 11150, Volkswagen LT-35, МТЗ 82.1, СЗ 5,4 HARVEST, Камаз 55102, ГАЗ-САЗ-3507 4250, КЛАС ДОЛІНАТОР, МТЗ 82.1, Т-150-К 11150",2248803,0,5232905.69,2089.8,752000
" Головний інженер, ТОВ ""Слобожанський завод продтоварів""",шаповал ігор володимирович,7bfe76bd-c8d8-484b-aaa1-851dd1846b4a,0,"Mercedes-Benz Atego917, Geely MK",229722,0,5190553,92.56,85000
" Головний бухгалтер, Берізківська сільська рада",заневська наталія василівна,d5df9701-3adb-4f9a-a166-40d62ab9891b,1,0,180273,0,5130000,0,0
" бухгалтер, ТОВ ""СВК ""УКРАЇНА""",іщенко тетяна володимирівна,2c4c2a38-04fc-43b3-8496-36182167316a,0,0,613605,0,5090000,0,0
" Депутат Київської обласної ради, Київська обласна рада",кудлай іван миколайович,7c4f96ae-b69b-4c1e-8060-df4235360350,1,Lexus LS460,2357270,998267,5070462,210.7,0
" молодша медична сестра, фп с. видумка",бобрик ірина сергіївна,49e2b0f2-847c-470e-a505-4d85891a952c,0,0,180284,0,5040000.63,82.4,0
" депутат Новопсковської районної ради Луганської області сьомого скликання, фізична особа - підприємець",парамуд володимир петрович,b57c40f6-990b-48d0-8eab-25374b1fabd1,1,"TOYOTA RAV4, КОМБАЙН ДОН1500Б, ТРАКТОР Т 150К, КОМБАЙН ДОН 1500, ТРАКТОР Т 150К, БІЛОРУС 82.1, КАМАЗ 55102, ПРИЦЕП ГКБ 819, БІЛОРУС 892, БІЛОРУС МТЗ 80",927351,0,4967155,4925.5,1231300
" голова, Фермерське господарство ""Волошка""",редька віктор васильович,371b7611-84c0-4bb5-9d11-97b79ad64c52,0,"Трактор т-150, трактор МТЗ-80л, Камаз 55102, Hyundai  Tucson, ГАЗ-САЗ 3503",246335,2415000,4950442,1228.5,278050
" депутат, Добропільська районна рада",голованьов володимир миколайович,335b29c5-2a4c-44d1-a136-5ab299226bc5,1,"SUZUKI SX4, MITSUBISHI L200, SUZUKI GRAND VITARA, МТЗ 82.1.26, трактор ХТЗ, трактор МТЗ 82.1, трактор МТЗ 892, комбайн Кейс 5088",15431075,3438874.7049,4942093,8439.5,429390
" головний спеціаліст відділу туризму та культурної спадщини, Департамент культури, туризму, національностей та релігій Запорізької обласної державної адміністрації",синчило римма миколаївна,4a67349c-0725-4309-9134-3972ee6272f1,1,0,116568,0,4810000,102.5,0
" нач.цеха, ТОВ "" Агро-Ленд плюс""",бублич володимир васильович,2eea8e8f-c46e-4cab-aba3-33af67db8833,0,"камаз 55102, Москвич 2141201, Даф будка, причіп гкб8527, Део Ланос Седан, трактор Юмз, Саз 3508 самосвал, трактор т 156",974309,0,4810000,1519.58,16081
" депутат сільської ради, Чугинська сільська рада Станично-Луганського району Луганської області",кашкарова олена володимирівна,9212c469-df12-4956-8bd5-e1312b36eec5,1,"Т-16МТ-У1 Т3, MITSUBISHI LANCER, ВАЗ 2121",1080290,0,4785446,733.8,0
" Депутат, Вінницька обласна рада",рубанський володимир іванович,a1e01132-9249-4717-9b30-e4fdd83833d3,1,"MITSUBISHI PAJERO SPORT 2.5 TD, САЗ 3507, ВАЗ 21154",199374,1250000,4761455,1057,378500
" Голова районної ради, Погребищенська районна рада",волинський сергій олександрович,7a589693-7611-45f4-a632-412d8df41ebe,1,"Mersedes Sprinter, Камаз 5320, Fiat Doblo",1608520,196278,4750620,1583.2,120000
" керівник апарату суду, Зарічний районний суд м. Суми",шевченко алла миколаївна,691c4862-e9f9-4925-9a3c-8d52bab8d61a,4,0,476971,0,4641200,116.21,0
" начальник відділу по контролю за виконанням судових рішень, державна установа ""Сумський слідчий ізолятор""",шевченко олексій андрійович,90daf967-205c-4e12-a456-1392a89ae39d,0,0,476971,0,4641200,116.21,0
" депутат Троїцької сільської ради, приватний підприємець",горбатенко юрій борисович,98f8c9f3-aef4-4aae-83f4-c1410c7e428a,1,"ДЖОН ДІР 9600, Хюндай Туксон, Тойота Королла, ДЖОН ДІР 8295R, МТЗ 82.1",1075755,12000,4639758,1902.3,0
" Головний державний інспектор-кінолог, Івано-Франківська митниця ДФС",дирів ігор миколайович,7c9b4005-61e7-49f7-8bb7-2c95e5fbad03,3,0,821410,0,4617370,186.3,0
" Голова, депутат Глобинської міської ради, СФГ ""АСТРА.""",горобець іван миколайович,f4bc2463-5788-4927-a564-595a5e0008aa,1,"RENAULT DASTER 1461, Volkswagen  Transporter, Peugeot 205, ПФ 01 Фермер, ПЕА-1,0",1452204,451374.140509,4608946,737.2,548610
" Народний депутат України, Верховна Рада України",дубневич богдан васильович,fd9af232-d7a2-4fc6-b2a8-e61067c6f823,2,"STEMA, ГАЗ 21, Porshe Panamera, ГАЗ 21, TOYOTA ""Land Cruiser 200"", ГАЗ 21",11534785,82086934.757768,4569275,13744.53,0
" командир відділення-водій, ДПРЧ-1 ДПРЗ-3 ГУ ДСНС України у Рівненській області",прокопюк микола миколайович,ad9d6795-fb80-4aad-bd9f-4c70dd917c96,3,DONGFENG DF-404,79352,0,4560160,120,72800
" начальник відділу земельних відносин та житлово-комунального господарства, Краснопільська сільська рада",бистрицький олександр володимирович,e3b2646d-5f25-4821-b066-018e89b6d8ec,1,"VOLKSWAGEN транспортер, 2ПТС4 модель:4, МТЗ 80, БЗП мОДДЕЛЬ:5",258234,0,4558490,115.5,96000
" головний державний ревізор-інспектор відділу перевірок з окремих питань управління аудиту Головне управління державної фіскальної служби у Дніпропетровській області, Головне управління державної фіскальної служби у Дніпропетровській області",відяєва ольга дмитрівна,aa179d32-d573-45e8-b2a3-669e3b2dfcfe,9,DAEWOO LANOS D5MM550,50657,0,4535989,54.8,0
" ДИРЕКТОР, ДЕПУТАТ КЕГИЧІВСЬКОЇ РАЙОННОЇ РАДИ, ПП ""АНДРІЇВКА""",пивовар микола іванович,85c1b4a3-014e-416b-8837-e7d3381755c0,1,"ВАЗ 21061, КАМАЗ 45143, НЕФАЗ 8560 12 02, MERCEDES-BENZ 412 D, VOLKSWAGEN CADDY",2181893,0,4496269,542.4,0
" агроном по захисту рослин, Товариство з обмеженою відповідальністю "" Подільський бройлер""",тімош микола васильович,46f7ac16-9525-4662-8c3a-36ed034f74d9,0,"TOYOTA VENZA, Wolkswagen Sciroco, Peugeot Partner",185976,160000,4463133,425.8,836140
" Охоронець, ТОВ ""ОБРІЙ-МТС""",мартолога олександр анатолійович,593b3864-df35-4fb2-8ba1-d15ddfa226a7,0,"МТЗ 80, NISSAN PRIMERA, МТЗ-82.01.26 25226ВН, УАЗ 29721",74646,0,4455780,88.6,0
" Спеціаліст-землевпорядник, Виконавчий комітет Новозлатопільської сільської ради",гоголь марина михайлівна,9b675b76-a8cb-458f-bbb4-8b2ab11b6f0c,1,Hyundai  Matrix,210898,0,4450002,733.35,80000
" командир відділення 8 державної пожежно-рятувальної частини, 6 державний пожежно-рятувальний загін головного управління державної служби з надзвичайних ситуацій у донецькій області",дібров олександр васильович,d3013139-a86c-48c3-ba2a-dd57ef208c3d,3,"ВАЗ 2108, МТЗ 82",108339,0,4400418.1,99.6,0
" ФОП, депутат Великоновосілківської районної ради Донецької області, ФОП Патрікац, депутат Великоновосілківської районної ради Донецької області",патрікац сергій миколайович,2ce59c74-acbb-4033-b648-b16cb4318b26,1,"Т-150К, ГАЗ-САЗ 4509, 2ПТС-4, ЗАЗ LANOS, ЕО-2621, БЕЛАРУС 82.1, ГКБ-819, 1ПТС-9, МТЗ-80, МТЗ-82.1, ГАЗ-САЗ 3507, ГАЗ-САЗ 4509, ГКБ-819",69626,0,4367902,5725.2,0
" Фізична особа підприємець, Фізична особа підприємець",морозенко юрій васильович,3c5adb94-1c7a-4110-baf1-3005fcb3367a,0,"ДОН-1500Б Збиральний комбайн, MAZDA 31.6, ХТЗ-17021 Трактор колісний, RENAULT DUSTER",550845,9139,4364686,319.5,0
" Депутат районної ради (Голова ФГ ""Даманське""), Бобринецька районна рада",бергер сергій володимирович,08dd92de-11f5-46ec-804b-2816ab46c419,1,"ВАЗ 210700 20, ВАЗ 211540, ЗАЗ 110207, RENAULT DUSTER, TOYOTA Land Cruiser, ЗАЗ 11020609, ВАЗ 2108, ЗАЗ 1102016, LADA 217030, ВАЗ 21104, ЗАЗ SENS, ИМЗ УРАЛ 810310",200579,193152,4314866,8225.28,0
" Сільський голова, Опитненська сільська рада Бахмутського району Донецької області",йорохов зосим михайлович,c5a3b161-57c4-48bf-93a3-016be4623d2f,1,"Комбайн СК-5 Ніва, ЮМЗ 6, Renault Kangoo, ЮМЗ , МТЗ 80, Renault Duster, ЮМЗ 6, ДТ 75, МТЗ 80, ЮМЗ, ДТ 75, Nissan TEANA, МТЗ 80, ЮМЗ 6, ЕО 2621 В-3, УАЗ 315127, МТЗ 80, ЮМЗ 6",887457,133700,4296165,2424.84,0
" депутат сільської ради, фізична особа-підприємець",коба володимир михайлович,ec73e575-6c03-4a07-a268-fa9bbd3fcb17,1,"2ПТС 40, Беларус 1025, ЗІЛ ММЗ, CASE 2388E, Volkswagen CADDY, МТЗ 82.1, ЗАЗ 968М05, Nissan pathfinder, ПВА У5, БЕларус 892, ГАЗ 53Б, Беларус 1025, СК ""Нива"", МТЗ 80, МТЗ 80, Степок, ЗІЛ 431410, Беларус 892, БЕЛАРУС 1221-70, CASE 2166, ЗАЗ 11055770",1352660,0,4287400,374.55,0
" Завідувач сектору, Рахункова палата",чередніченко ірина володимирівна,efae7e3b-be8e-4319-a069-a4d43f258c5a,7,"Mersedes-Benz CLK320, Mersedes-Benz ML350",263527,0,4280741,72.6,0
" завідувач філії, Магдалинівська філія Опорний заклад Чаплинська спеціалізована школа І-ІІІ ступенів",мисник ольга станіславівна,abb87629-fc34-4606-a2fc-8d1d702e0105,0,"КАМАЗ 5410, Deely Emgrand EC-7, МТЗ 82.1, ДОН  1500КР",90958,0,4261100,993.3,249000
" Депутат селищної ради, Низівська селищна рада Сумського району Сумської області",мельник олена вікторівна,1817dc1a-10e1-4fc1-848c-83037663c2f5,1,0,217563,0,4244730,106,0
" начальник групи ВОХОР, вйіськова частина 9953",сивоконь володимир олексійович,ad193152-d609-40da-b05c-77ecc3648e59,0,0,138182,0,4241000,68.7,0
" Депутат сільської ради, Пенсіонер",дуюнович світлана миколаївна,e18e658a-2fc5-4ee1-afad-19b42d513c5f,1,0,80322,0,4211900,84.8,0
" депутат Козлівської сільської ради Новопсковського району Луганської області, Козлівська сільська рада Новопсковського району Луганської області",федорченко сергій миколайович,1764a4f6-617a-41f4-bb59-37e558089c83,1,ВАЗ 2121,235459,0,4199123,106.1,0
" Депутат, Лиманська міська рада",кряжев ігор борисович,2da36518-3312-4cb2-ac72-51459681aa1c,1,"ГАЗ 3307, BMW E66/750LI, ВАЗ  212140-110-30, SKODA SUPER B, TOYOTA LC 200, MAZDA CX7, ГАЗ 3307 Г6 ОТА 3.73НГ, PEUGEOT RCZ 16E",639491,5377343.8118,4190080,506.1,0
" Приватний підприємець, депутат Бургунської сільської ради, П П ""Вороніна"", Бургунська сільська рада Бериславського району Херсонської області",вороніна світлана анатоліївна,7062f5e8-00e0-40a9-a0b1-1e209458d22c,1,Ford Транзит Конект универсал,234572,0,4183100,77.2,0
" Директор. Депутат Братської районної ради., ППАФ "" Вікторія""",степанов віктор іванович,47a5932f-40ec-4948-a0c2-cffc0b972919,1,УАЗ 31519,320050,350000,4143527,200.6,0
" Депутат селищної ради, Низівська селищна рада Сумського району Сумської області",шоломій інна вікторівна,4a8a50bd-d89f-4c1e-bd4f-be26bfda3570,1,0,51411,0,4141100,106,0
" Бухгалтер, ФГ ЕДЕМ Депутат сільської ради",дяченко тетяна вікторівна,ed290e55-f6b2-4db7-af26-e11d2064a65f,1,"ЗИЛ-ММЗ 4502, VIPER  ZS 150 J, BARTOLETTI R111FP, КРД 050110, VOLKSWAGEN TRANSPORTER 1968, PEUGEOT 3008",3917527,1964705.61,4076197,53.2,0
" Лікар загальної практики сімейної медицини, КП ""Приморський районний ЦМСД"" ПРР ЗОР",яковенко світлана степанівна,e340179b-0a57-4414-8d57-ae72debb1e9b,0,0,102950,0,4034856.5,0,0
" директор, товариство з обмеженою відповідальністю ""Діалог""",басистий володимир васильович,e06f9cda-7733-4e05-a713-9fd50267bae3,0,"Schmitz AFW18, TOYOTA LAND CRUISER 200, МАЗ 533603",7226371,3541644.402764,4026271,371.47,2057200
" старший державний інспектор відділу державного контролю та нагляду за безпекою на транспорті Управління Укртрансбезпеки в Хмельницькій області, Державна служба України з безпеки на транспорті",красняк віктор іванович,b5a9188b-f75a-48f3-bef6-e2dc1cf72f4a,3,"Старконь АМС 751, RENAULT TRAFIK, Москвіч 412",153929,0,4000400,70,7000
" Спеціаліст відділу організаційно кадрової роботи, діловодства та контролю, Виконавчий комітет Солонянської селищної ради",снісар алла анатоліївна,33789c1b-62f9-400d-a183-6fb582ec6e9d,1,"FORD B-MAX, ВАЗ 21013, ЮМЗ 6АКП",214385,0,3990500,169.4,230600
" Майстер зміни, КП ""Водоканал""",малафєєв вячеслав володимирович,c9fc5ce1-b94f-4574-89ea-19a6c776ad60,0,"DACIA LOGAN, УВН 810080, ИЖ 408",90191,0,3981700,88.6,67585
" вчитель, депутат Приютненської сільської ради, ФОП, КЗ ""Приютненська ЗОШ""",коробова олена василівна,16a695d8-6689-4dd3-9134-d8281082f175,1,"2ПТС-4, ХТА 200В, ДОН 1500Б, 2ПТС-4, FORD KUGA TREND, БЕЛАРУС 82.1, ГАЗ 3309, ВАЗ 21099, БЕЛАРУС 892",798583,0,3967697,97.52,0
" Підприємець, ФОП ""Балас""",балас любов василівна,54015252-d6b0-4452-940b-783e1ce5d216,0,volksvagen  caddy,115700,0,3965890,333.6,0
" головний спеціаліст сектору з питань внутрішньої політики, зв*язків з громадськістю, у справах преси та інформації апарату районної державної адміністрації , Семенівська районна державна адміністрація Полтавської області",семигреєнко лілія євгеніївна,1470cf5e-a1d7-48c0-90da-50dc89c0672e,1,Volkswagen Passat,1729648,0,3938719,402.5,0
" приватний підприємець, депутат Семенівської селищної ради, Приватний підприємець",семигреєнко максим сергійович,7a6728c0-99c5-42f1-b90c-e386592ea486,1,Volkswagen Passat,1729648,0,3938719,389.1,0
" Тимчасово не працюю, Тимчасово не працюю",зеленський ігор михайлович,81802248-b8c9-4a3f-9205-9ff38eb740fd,0,0,35440,0,3938608,66,0
" Генеральний директор , голова товариства, депутат районної ради, ПП ""ЛАННІВСЬКИЙ ЦУКРОВИЙ ЗАВОД"" , ПП""ЛАННА-АГРО"" , ТОВ""ЛАННІВСЬКА МТС"", ТОВ ""ПРОМІНЬ"", ФГ ""ЗІРКА Т""",тимоха олександр федорович,60fc2ab7-5e23-4a12-8eaa-867e9b245e76,1,"HONDA PILOT, LEXUS LX 570",5878138,12510541.283,3918192,983.6,0
" юрисконсульт, присяжний, ТОВ ""Софіївка"", фізична особа-підприємець, Новомиколаївський районний суд Запорізької області",парахіна ілона миколаївна,a98d64d3-8be5-4cd5-b55e-82d7b47a3103,4,"VOLVO XC60, GEON TNT 25",1088419,0,3869748,835.2,1236297
" директор, Товариство з обмеженою відповідальністю ""Агрофірма Ольвіія"", депутут Приазовської районної ради",тиховод анатолій миколайович,6f97590d-c457-48d1-a532-245d7959b2f1,1,0,1511913,636806.676,3839533,223,0